{"inputs":{"https://deno.land/x/fresh@1.7.3/src/runtime/polyfills.ts":{"bytes":231,"imports":[]},"https://esm.sh/stable/preact@10.22.0/denonext/preact.mjs":{"bytes":11428,"imports":[],"format":"esm"},"https://esm.sh/preact@10.22.0":{"bytes":90,"imports":[{"path":"https://esm.sh/stable/preact@10.22.0/denonext/preact.mjs","kind":"import-statement","original":"/stable/preact@10.22.0/denonext/preact.mjs"}],"format":"esm"},"https://deno.land/x/fresh@1.7.3/src/runtime/build_id.ts":{"bytes":67,"imports":[],"format":"esm"},"https://deno.land/x/fresh@1.7.3/src/runtime/utils.ts":{"bytes":2835,"imports":[{"path":"preact","kind":"import-statement","external":true},{"path":"https://deno.land/x/fresh@1.7.3/src/runtime/build_id.ts","kind":"import-statement","original":"./build_id.ts"}],"format":"esm"},"https://deno.land/x/fresh@1.7.3/src/constants.ts":{"bytes":386,"imports":[],"format":"esm"},"https://deno.land/x/fresh@1.7.3/src/runtime/active_url.ts":{"bytes":1290,"imports":[{"path":"preact","kind":"import-statement","external":true},{"path":"https://deno.land/x/fresh@1.7.3/src/constants.ts","kind":"import-statement","original":"../constants.ts"}],"format":"esm"},"https://deno.land/x/fresh@1.7.3/src/runtime/entrypoints/main.ts":{"bytes":32043,"imports":[{"path":"https://deno.land/x/fresh@1.7.3/src/runtime/polyfills.ts","kind":"import-statement","original":"../polyfills.ts"},{"path":"https://esm.sh/preact@10.22.0","kind":"import-statement","original":"preact"},{"path":"https://deno.land/x/fresh@1.7.3/src/runtime/utils.ts","kind":"import-statement","original":"../utils.ts"},{"path":"../../server/rendering/fresh_tags.tsx","kind":"import-statement","external":true},{"path":"https://deno.land/x/fresh@1.7.3/src/constants.ts","kind":"import-statement","original":"../../constants.ts"},{"path":"https://deno.land/x/fresh@1.7.3/src/runtime/active_url.ts","kind":"import-statement","original":"../active_url.ts"}],"format":"esm"},"https://deno.land/x/fresh@1.7.3/src/runtime/deserializer.ts":{"bytes":2087,"imports":[],"format":"esm"},"https://deno.land/x/fresh@1.7.3/src/runtime/entrypoints/deserializer.ts":{"bytes":50,"imports":[{"path":"https://deno.land/x/fresh@1.7.3/src/runtime/deserializer.ts","kind":"import-statement","original":"../deserializer.ts"}],"format":"esm"},"https://esm.sh/stable/preact@10.22.0/denonext/hooks.js":{"bytes":3885,"imports":[{"path":"https://esm.sh/stable/preact@10.22.0/denonext/preact.mjs","kind":"import-statement","original":"/stable/preact@10.22.0/denonext/preact.mjs"}],"format":"esm"},"https://esm.sh/preact@10.22.0/hooks":{"bytes":147,"imports":[{"path":"https://esm.sh/stable/preact@10.22.0/denonext/preact.mjs","kind":"import-statement","original":"/stable/preact@10.22.0/denonext/preact.mjs"},{"path":"https://esm.sh/stable/preact@10.22.0/denonext/hooks.js","kind":"import-statement","original":"/stable/preact@10.22.0/denonext/hooks.js"}],"format":"esm"},"https://esm.sh/v135/@preact/signals-core@1.5.1/X-ZS8q/denonext/signals-core.mjs":{"bytes":4342,"imports":[],"format":"esm"},"https://esm.sh/*@preact/signals-core@1.5.1":{"bytes":125,"imports":[{"path":"https://esm.sh/v135/@preact/signals-core@1.5.1/X-ZS8q/denonext/signals-core.mjs","kind":"import-statement","original":"/v135/@preact/signals-core@1.5.1/X-ZS8q/denonext/signals-core.mjs"}],"format":"esm"},"https://esm.sh/v135/@preact/signals@1.2.2/X-ZS8q/denonext/signals.mjs":{"bytes":2825,"imports":[{"path":"https://esm.sh/preact@10.22.0","kind":"import-statement","original":"preact"},{"path":"https://esm.sh/preact@10.22.0/hooks","kind":"import-statement","original":"preact/hooks"},{"path":"https://esm.sh/*@preact/signals-core@1.5.1","kind":"import-statement","original":"@preact/signals-core"},{"path":"https://esm.sh/*@preact/signals-core@1.5.1","kind":"import-statement","original":"@preact/signals-core"}],"format":"esm"},"https://esm.sh/*@preact/signals@1.2.2":{"bytes":110,"imports":[{"path":"https://esm.sh/v135/@preact/signals@1.2.2/X-ZS8q/denonext/signals.mjs","kind":"import-statement","original":"/v135/@preact/signals@1.2.2/X-ZS8q/denonext/signals.mjs"}],"format":"esm"},"https://deno.land/x/fresh@1.7.3/src/runtime/entrypoints/signals.ts":{"bytes":42,"imports":[{"path":"https://esm.sh/*@preact/signals@1.2.2","kind":"import-statement","original":"@preact/signals"}],"format":"esm"},"https://esm.sh/stable/preact@10.22.0/denonext/jsx-runtime.js":{"bytes":1895,"imports":[{"path":"https://esm.sh/stable/preact@10.22.0/denonext/preact.mjs","kind":"import-statement","original":"/stable/preact@10.22.0/denonext/preact.mjs"},{"path":"https://esm.sh/stable/preact@10.22.0/denonext/preact.mjs","kind":"import-statement","original":"/stable/preact@10.22.0/denonext/preact.mjs"}],"format":"esm"},"https://esm.sh/preact@10.22.0/jsx-runtime":{"bytes":159,"imports":[{"path":"https://esm.sh/stable/preact@10.22.0/denonext/preact.mjs","kind":"import-statement","original":"/stable/preact@10.22.0/denonext/preact.mjs"},{"path":"https://esm.sh/stable/preact@10.22.0/denonext/jsx-runtime.js","kind":"import-statement","original":"/stable/preact@10.22.0/denonext/jsx-runtime.js"}],"format":"esm"},"components/Loader.tsx":{"bytes":453,"imports":[{"path":"https://esm.sh/preact@10.22.0/jsx-runtime","kind":"import-statement","original":"preact/jsx-runtime"}],"format":"esm"},"utils/tree_state.ts":{"bytes":4404,"imports":[{"path":"@kitsonk/kv-toolbox/json","kind":"import-statement","external":true},{"path":"https://esm.sh/preact@10.22.0","kind":"import-statement","original":"preact"},{"path":"https://esm.sh/*@preact/signals@1.2.2","kind":"import-statement","original":"@preact/signals"},{"path":"./kv.ts","kind":"import-statement","external":true}],"format":"esm"},"https://deno.land/x/fresh@1.7.3/src/types.ts":{"bytes":541,"imports":[],"format":"esm"},"https://deno.land/x/fresh@1.7.3/src/runtime/head.ts":{"bytes":568,"imports":[{"path":"https://esm.sh/preact@10.22.0","kind":"import-statement","original":"preact"},{"path":"https://esm.sh/preact@10.22.0/hooks","kind":"import-statement","original":"preact/hooks"}],"format":"esm"},"https://deno.land/x/fresh@1.7.3/src/runtime/csp.ts":{"bytes":3641,"imports":[{"path":"https://esm.sh/preact@10.22.0","kind":"import-statement","original":"preact"},{"path":"https://esm.sh/preact@10.22.0/hooks","kind":"import-statement","original":"preact/hooks"}],"format":"esm"},"https://deno.land/x/fresh@1.7.3/src/runtime/Partial.tsx":{"bytes":508,"imports":[{"path":"preact","kind":"import-statement","external":true}],"format":"esm"},"https://deno.land/x/fresh@1.7.3/runtime.ts":{"bytes":185,"imports":[{"path":"https://deno.land/x/fresh@1.7.3/src/types.ts","kind":"import-statement","original":"./src/types.ts"},{"path":"https://deno.land/x/fresh@1.7.3/src/runtime/utils.ts","kind":"import-statement","original":"./src/runtime/utils.ts"},{"path":"https://deno.land/x/fresh@1.7.3/src/runtime/head.ts","kind":"import-statement","original":"./src/runtime/head.ts"},{"path":"https://deno.land/x/fresh@1.7.3/src/runtime/csp.ts","kind":"import-statement","original":"./src/runtime/csp.ts"},{"path":"https://deno.land/x/fresh@1.7.3/src/runtime/Partial.tsx","kind":"import-statement","original":"./src/runtime/Partial.tsx"}],"format":"esm"},"components/icons/ExpandDownArrow.tsx":{"bytes":396,"imports":[{"path":"https://deno.land/x/fresh@1.7.3/runtime.ts","kind":"import-statement","original":"$fresh/runtime.ts"},{"path":"https://esm.sh/preact@10.22.0/jsx-runtime","kind":"import-statement","original":"preact/jsx-runtime"}],"format":"esm"},"components/icons/ExpandRightArrow.tsx":{"bytes":393,"imports":[{"path":"https://deno.land/x/fresh@1.7.3/runtime.ts","kind":"import-statement","original":"$fresh/runtime.ts"},{"path":"https://esm.sh/preact@10.22.0/jsx-runtime","kind":"import-statement","original":"preact/jsx-runtime"}],"format":"esm"},"components/tree_view/Toggle.tsx":{"bytes":740,"imports":[{"path":"https://esm.sh/preact@10.22.0/hooks","kind":"import-statement","original":"preact/hooks"},{"path":"utils/tree_state.ts","kind":"import-statement","original":"$utils/tree_state.ts"},{"path":"components/icons/ExpandDownArrow.tsx","kind":"import-statement","original":"../icons/ExpandDownArrow.tsx"},{"path":"components/icons/ExpandRightArrow.tsx","kind":"import-statement","original":"../icons/ExpandRightArrow.tsx"},{"path":"https://esm.sh/preact@10.22.0/jsx-runtime","kind":"import-statement","original":"preact/jsx-runtime"}],"format":"esm"},"components/tree_view/Checkbox.tsx":{"bytes":960,"imports":[{"path":"https://esm.sh/preact@10.22.0/hooks","kind":"import-statement","original":"preact/hooks"},{"path":"utils/tree_state.ts","kind":"import-statement","original":"$utils/tree_state.ts"},{"path":"https://esm.sh/preact@10.22.0/jsx-runtime","kind":"import-statement","original":"preact/jsx-runtime"}],"format":"esm"},"components/tree_view/TreeNodeLabel.tsx":{"bytes":681,"imports":[{"path":"preact","kind":"import-statement","external":true},{"path":"components/tree_view/Checkbox.tsx","kind":"import-statement","original":"./Checkbox.tsx"},{"path":"https://esm.sh/preact@10.22.0/jsx-runtime","kind":"import-statement","original":"preact/jsx-runtime"}],"format":"esm"},"components/tree_view/TreeNode.tsx":{"bytes":929,"imports":[{"path":"preact","kind":"import-statement","external":true},{"path":"components/tree_view/Toggle.tsx","kind":"import-statement","original":"./Toggle.tsx"},{"path":"components/tree_view/TreeNodeLabel.tsx","kind":"import-statement","original":"./TreeNodeLabel.tsx"},{"path":"https://esm.sh/preact@10.22.0/jsx-runtime","kind":"import-statement","original":"preact/jsx-runtime"}],"format":"esm"},"components/KvKeyPart.tsx":{"bytes":1282,"imports":[{"path":"@kitsonk/kv-toolbox/json","kind":"import-statement","external":true},{"path":"@preact/signals","kind":"import-statement","external":true},{"path":"https://esm.sh/preact@10.22.0/jsx-runtime","kind":"import-statement","original":"preact/jsx-runtime"}],"format":"esm"},"components/TreeView.tsx":{"bytes":872,"imports":[{"path":"https://esm.sh/preact@10.22.0/hooks","kind":"import-statement","original":"preact/hooks"},{"path":"utils/tree_state.ts","kind":"import-statement","original":"$utils/tree_state.ts"},{"path":"components/tree_view/TreeNode.tsx","kind":"import-statement","original":"./tree_view/TreeNode.tsx"},{"path":"components/KvKeyPart.tsx","kind":"import-statement","original":"./KvKeyPart.tsx"},{"path":"https://esm.sh/preact@10.22.0/jsx-runtime","kind":"import-statement","original":"preact/jsx-runtime"}],"format":"esm"},"https://jsr.io/@std/encoding/1.0.5/_validate_binary_like.ts":{"bytes":819,"imports":[],"format":"esm"},"https://jsr.io/@std/encoding/1.0.5/base64.ts":{"bytes":3253,"imports":[{"path":"https://jsr.io/@std/encoding/1.0.5/_validate_binary_like.ts","kind":"import-statement","original":"./_validate_binary_like.ts"}],"format":"esm"},"https://jsr.io/@std/encoding/1.0.5/base64url.ts":{"bytes":2513,"imports":[{"path":"https://jsr.io/@std/encoding/1.0.5/base64.ts","kind":"import-statement","original":"./base64.ts"}],"format":"esm"},"https://jsr.io/@kitsonk/kv-toolbox/0.20.1/json.ts":{"bytes":29132,"imports":[{"path":"https://jsr.io/@std/encoding/1.0.5/base64url.ts","kind":"import-statement","original":"jsr:@std/encoding@~1/base64url"}],"format":"esm"},"https://jsr.io/@std/path/1.0.8/_os.ts":{"bytes":454,"imports":[],"format":"esm"},"https://jsr.io/@std/path/1.0.8/_common/assert_path.ts":{"bytes":309,"imports":[],"format":"esm"},"https://jsr.io/@std/path/1.0.8/_common/normalize.ts":{"bytes":263,"imports":[{"path":"https://jsr.io/@std/path/1.0.8/_common/assert_path.ts","kind":"import-statement","original":"./assert_path.ts"}],"format":"esm"},"https://jsr.io/@std/path/1.0.8/_common/constants.ts":{"bytes":2020,"imports":[],"format":"esm"},"https://jsr.io/@std/path/1.0.8/_common/normalize_string.ts":{"bytes":2301,"imports":[{"path":"https://jsr.io/@std/path/1.0.8/_common/constants.ts","kind":"import-statement","original":"./constants.ts"}],"format":"esm"},"https://jsr.io/@std/path/1.0.8/posix/_util.ts":{"bytes":391,"imports":[{"path":"https://jsr.io/@std/path/1.0.8/_common/constants.ts","kind":"import-statement","original":"../_common/constants.ts"}],"format":"esm"},"https://jsr.io/@std/path/1.0.8/posix/normalize.ts":{"bytes":2102,"imports":[{"path":"https://jsr.io/@std/path/1.0.8/_common/normalize.ts","kind":"import-statement","original":"../_common/normalize.ts"},{"path":"https://jsr.io/@std/path/1.0.8/_common/normalize_string.ts","kind":"import-statement","original":"../_common/normalize_string.ts"},{"path":"https://jsr.io/@std/path/1.0.8/posix/_util.ts","kind":"import-statement","original":"./_util.ts"}],"format":"esm"},"https://jsr.io/@std/path/1.0.8/posix/join.ts":{"bytes":1405,"imports":[{"path":"https://jsr.io/@std/path/1.0.8/_common/assert_path.ts","kind":"import-statement","original":"../_common/assert_path.ts"},{"path":"https://jsr.io/@std/path/1.0.8/posix/normalize.ts","kind":"import-statement","original":"./normalize.ts"}],"format":"esm"},"https://jsr.io/@std/path/1.0.8/windows/_util.ts":{"bytes":828,"imports":[{"path":"https://jsr.io/@std/path/1.0.8/_common/constants.ts","kind":"import-statement","original":"../_common/constants.ts"}],"format":"esm"},"https://jsr.io/@std/path/1.0.8/windows/normalize.ts":{"bytes":4066,"imports":[{"path":"https://jsr.io/@std/path/1.0.8/_common/normalize.ts","kind":"import-statement","original":"../_common/normalize.ts"},{"path":"https://jsr.io/@std/path/1.0.8/_common/constants.ts","kind":"import-statement","original":"../_common/constants.ts"},{"path":"https://jsr.io/@std/path/1.0.8/_common/normalize_string.ts","kind":"import-statement","original":"../_common/normalize_string.ts"},{"path":"https://jsr.io/@std/path/1.0.8/windows/_util.ts","kind":"import-statement","original":"./_util.ts"}],"format":"esm"},"https://jsr.io/@std/path/1.0.8/windows/join.ts":{"bytes":2589,"imports":[{"path":"https://jsr.io/@std/path/1.0.8/_common/assert_path.ts","kind":"import-statement","original":"../_common/assert_path.ts"},{"path":"https://jsr.io/@std/path/1.0.8/windows/_util.ts","kind":"import-statement","original":"./_util.ts"},{"path":"https://jsr.io/@std/path/1.0.8/windows/normalize.ts","kind":"import-statement","original":"./normalize.ts"}],"format":"esm"},"https://jsr.io/@std/path/1.0.8/join.ts":{"bytes":1038,"imports":[{"path":"https://jsr.io/@std/path/1.0.8/_os.ts","kind":"import-statement","original":"./_os.ts"},{"path":"https://jsr.io/@std/path/1.0.8/posix/join.ts","kind":"import-statement","original":"./posix/join.ts"},{"path":"https://jsr.io/@std/path/1.0.8/windows/join.ts","kind":"import-statement","original":"./windows/join.ts"}],"format":"esm"},"(disabled):../../../../AppData/Local/deno/deno_esbuild/registry.npmjs.org/object-inspect@1.13.2/node_modules/object-inspect/util.inspect":{"bytes":0,"imports":[]},"../../../../AppData/Local/deno/deno_esbuild/registry.npmjs.org/object-inspect@1.13.2/node_modules/object-inspect/index.js":{"bytes":19000,"imports":[{"path":"(disabled):../../../../AppData/Local/deno/deno_esbuild/registry.npmjs.org/object-inspect@1.13.2/node_modules/object-inspect/util.inspect","kind":"require-call","original":"./util.inspect"}],"format":"cjs"},"utils/kv.ts":{"bytes":7590,"imports":[{"path":"@kitsonk/kv-toolbox/blob","kind":"import-statement","external":true},{"path":"@kitsonk/kv-toolbox/keys","kind":"import-statement","external":true},{"path":"https://jsr.io/@kitsonk/kv-toolbox/0.20.1/json.ts","kind":"import-statement","original":"@kitsonk/kv-toolbox/json"},{"path":"https://jsr.io/@std/encoding/1.0.5/base64url.ts","kind":"import-statement","original":"@std/encoding/base64url"},{"path":"https://jsr.io/@std/path/1.0.8/join.ts","kind":"import-statement","original":"@std/path/join"},{"path":"../../../../AppData/Local/deno/deno_esbuild/registry.npmjs.org/object-inspect@1.13.2/node_modules/object-inspect/index.js","kind":"import-statement","original":"object-inspect"}],"format":"esm"},"islands/KeyTree.tsx":{"bytes":1616,"imports":[{"path":"https://esm.sh/*@preact/signals@1.2.2","kind":"import-statement","original":"@preact/signals"},{"path":"components/Loader.tsx","kind":"import-statement","original":"$components/Loader.tsx"},{"path":"components/TreeView.tsx","kind":"import-statement","original":"$components/TreeView.tsx"},{"path":"@kitsonk/kv-toolbox/json","kind":"import-statement","external":true},{"path":"utils/kv.ts","kind":"import-statement","original":"$utils/kv.ts"},{"path":"utils/tree_state.ts","kind":"import-statement","original":"$utils/tree_state.ts"},{"path":"https://esm.sh/preact@10.22.0/jsx-runtime","kind":"import-statement","original":"preact/jsx-runtime"}],"format":"esm"},"components/AddButton.tsx":{"bytes":584,"imports":[{"path":"preact","kind":"import-statement","external":true},{"path":"https://esm.sh/preact@10.22.0/jsx-runtime","kind":"import-statement","original":"preact/jsx-runtime"}],"format":"esm"},"https://jsr.io/@std/assert/1.0.8/assertion_error.ts":{"bytes":842,"imports":[],"format":"esm"},"https://jsr.io/@std/assert/1.0.8/assert.ts":{"bytes":680,"imports":[{"path":"https://jsr.io/@std/assert/1.0.8/assertion_error.ts","kind":"import-statement","original":"./assertion_error.ts"}],"format":"esm"},"https://jsr.io/@std/bytes/1.0.4/concat.ts":{"bytes":927,"imports":[],"format":"esm"},"https://jsr.io/@std/media-types/1.0.3/_util.ts":{"bytes":3253,"imports":[],"format":"esm"},"https://jsr.io/@std/media-types/1.0.3/parse_media_type.ts":{"bytes":3730,"imports":[{"path":"https://jsr.io/@std/media-types/1.0.3/_util.ts","kind":"import-statement","original":"./_util.ts"}],"format":"esm"},"https://jsr.io/@std/media-types/1.0.3/vendor/db.ts":{"bytes":195268,"imports":[],"format":"esm"},"https://jsr.io/@std/media-types/1.0.3/_db.ts":{"bytes":1375,"imports":[{"path":"https://jsr.io/@std/media-types/1.0.3/vendor/db.ts","kind":"import-statement","original":"./vendor/db.ts"}],"format":"esm"},"https://jsr.io/@std/media-types/1.0.3/all_extensions.ts":{"bytes":1158,"imports":[{"path":"https://jsr.io/@std/media-types/1.0.3/parse_media_type.ts","kind":"import-statement","original":"./parse_media_type.ts"},{"path":"https://jsr.io/@std/media-types/1.0.3/_db.ts","kind":"import-statement","original":"./_db.ts"}],"format":"esm"},"https://jsr.io/@std/media-types/1.0.3/extension.ts":{"bytes":972,"imports":[{"path":"https://jsr.io/@std/media-types/1.0.3/all_extensions.ts","kind":"import-statement","original":"./all_extensions.ts"}],"format":"esm"},"https://jsr.io/@std/crypto/1.0.3/timing_safe_equal.ts":{"bytes":1910,"imports":[],"format":"esm"},"https://jsr.io/@kitsonk/kv-toolbox/0.20.1/keys.ts":{"bytes":14057,"imports":[{"path":"https://jsr.io/@std/crypto/1.0.3/timing_safe_equal.ts","kind":"import-statement","original":"jsr:@std/crypto@~1/timing-safe-equal"},{"path":"https://jsr.io/@kitsonk/kv-toolbox/0.20.1/blob_util.ts","kind":"import-statement","original":"./blob_util.ts"}],"format":"esm"},"https://jsr.io/@kitsonk/kv-toolbox/0.20.1/blob_util.ts":{"bytes":7346,"imports":[{"path":"https://jsr.io/@kitsonk/kv-toolbox/0.20.1/keys.ts","kind":"import-statement","original":"./keys.ts"}],"format":"esm"},"https://jsr.io/@kitsonk/kv-toolbox/0.20.1/size_of.ts":{"bytes":3390,"imports":[],"format":"esm"},"https://jsr.io/@kitsonk/kv-toolbox/0.20.1/batched_atomic.ts":{"bytes":13605,"imports":[{"path":"https://jsr.io/@kitsonk/kv-toolbox/0.20.1/blob_util.ts","kind":"import-statement","original":"./blob_util.ts"},{"path":"https://jsr.io/@kitsonk/kv-toolbox/0.20.1/keys.ts","kind":"import-statement","original":"./keys.ts"},{"path":"https://jsr.io/@kitsonk/kv-toolbox/0.20.1/size_of.ts","kind":"import-statement","original":"./size_of.ts"}],"format":"esm"},"https://jsr.io/@kitsonk/kv-toolbox/0.20.1/blob.ts":{"bytes":23779,"imports":[{"path":"https://jsr.io/@std/bytes/1.0.4/concat.ts","kind":"import-statement","original":"jsr:@std/bytes@~1/concat"},{"path":"https://jsr.io/@std/encoding/1.0.5/base64url.ts","kind":"import-statement","original":"jsr:@std/encoding@~1/base64url"},{"path":"https://jsr.io/@std/media-types/1.0.3/extension.ts","kind":"import-statement","original":"jsr:@std/media-types@~1/extension"},{"path":"https://jsr.io/@kitsonk/kv-toolbox/0.20.1/batched_atomic.ts","kind":"import-statement","original":"./batched_atomic.ts"},{"path":"https://jsr.io/@kitsonk/kv-toolbox/0.20.1/blob_util.ts","kind":"import-statement","original":"./blob_util.ts"},{"path":"https://jsr.io/@kitsonk/kv-toolbox/0.20.1/keys.ts","kind":"import-statement","original":"./keys.ts"},{"path":"https://jsr.io/@kitsonk/kv-toolbox/0.20.1/blob_util.ts","kind":"import-statement","original":"./blob_util.ts"}],"format":"esm"},"utils/formData.ts":{"bytes":3175,"imports":[{"path":"https://jsr.io/@kitsonk/kv-toolbox/0.20.1/blob.ts","kind":"import-statement","original":"@kitsonk/kv-toolbox/blob"},{"path":"https://jsr.io/@kitsonk/kv-toolbox/0.20.1/json.ts","kind":"import-statement","original":"@kitsonk/kv-toolbox/json"},{"path":"https://jsr.io/@std/assert/1.0.8/assert.ts","kind":"import-statement","original":"@std/assert/assert"}],"format":"esm"},"utils/remoteStores.ts":{"bytes":2196,"imports":[{"path":"https://jsr.io/@std/encoding/1.0.5/base64url.ts","kind":"import-statement","original":"@std/encoding/base64url"}],"format":"esm"},"utils/watches.ts":{"bytes":2504,"imports":[{"path":"https://jsr.io/@kitsonk/kv-toolbox/0.20.1/keys.ts","kind":"import-statement","original":"@kitsonk/kv-toolbox/keys"},{"path":"https://jsr.io/@kitsonk/kv-toolbox/0.20.1/json.ts","kind":"import-statement","original":"@kitsonk/kv-toolbox/json"}],"format":"esm"},"utils/state.ts":{"bytes":1703,"imports":[{"path":"@kitsonk/kv-toolbox/json","kind":"import-statement","external":true},{"path":"preact","kind":"import-statement","external":true},{"path":"https://esm.sh/*@preact/signals@1.2.2","kind":"import-statement","original":"@preact/signals"},{"path":"./kv.ts","kind":"import-statement","external":true},{"path":"utils/remoteStores.ts","kind":"import-statement","original":"./remoteStores.ts"},{"path":"utils/watches.ts","kind":"import-statement","original":"./watches.ts"}],"format":"esm"},"components/Alert.tsx":{"bytes":1567,"imports":[{"path":"https://deno.land/x/fresh@1.7.3/runtime.ts","kind":"import-statement","original":"$fresh/runtime.ts"},{"path":"preact","kind":"import-statement","external":true},{"path":"@preact/signals","kind":"import-statement","external":true},{"path":"https://esm.sh/preact@10.22.0/jsx-runtime","kind":"import-statement","original":"preact/jsx-runtime"}],"format":"esm"},"components/CloseButton.tsx":{"bytes":785,"imports":[{"path":"https://deno.land/x/fresh@1.7.3/runtime.ts","kind":"import-statement","original":"$fresh/runtime.ts"},{"path":"preact","kind":"import-statement","external":true},{"path":"https://esm.sh/preact@10.22.0/jsx-runtime","kind":"import-statement","original":"preact/jsx-runtime"}],"format":"esm"},"utils/signals.ts":{"bytes":586,"imports":[{"path":"preact","kind":"import-statement","external":true},{"path":"https://esm.sh/*@preact/signals@1.2.2","kind":"import-statement","original":"@preact/signals"}],"format":"esm"},"components/Dialog.tsx":{"bytes":944,"imports":[{"path":"preact","kind":"import-statement","external":true},{"path":"https://esm.sh/*@preact/signals@1.2.2","kind":"import-statement","original":"@preact/signals"},{"path":"https://esm.sh/preact@10.22.0/hooks","kind":"import-statement","original":"preact/hooks"},{"path":"utils/signals.ts","kind":"import-statement","original":"$utils/signals.ts"},{"path":"https://esm.sh/preact@10.22.0/jsx-runtime","kind":"import-statement","original":"preact/jsx-runtime"}],"format":"esm"},"components/Label.tsx":{"bytes":321,"imports":[{"path":"preact","kind":"import-statement","external":true},{"path":"https://esm.sh/preact@10.22.0/jsx-runtime","kind":"import-statement","original":"preact/jsx-runtime"}],"format":"esm"},"components/icons/Home.tsx":{"bytes":362,"imports":[{"path":"https://deno.land/x/fresh@1.7.3/runtime.ts","kind":"import-statement","original":"$fresh/runtime.ts"},{"path":"https://esm.sh/preact@10.22.0/jsx-runtime","kind":"import-statement","original":"preact/jsx-runtime"}],"format":"esm"},"components/KvKey.tsx":{"bytes":1778,"imports":[{"path":"@kitsonk/kv-toolbox/json","kind":"import-statement","external":true},{"path":"preact","kind":"import-statement","external":true},{"path":"@preact/signals","kind":"import-statement","external":true},{"path":"components/icons/Home.tsx","kind":"import-statement","original":"./icons/Home.tsx"},{"path":"components/KvKeyPart.tsx","kind":"import-statement","original":"./KvKeyPart.tsx"},{"path":"https://esm.sh/preact@10.22.0/jsx-runtime","kind":"import-statement","original":"preact/jsx-runtime"}],"format":"esm"},"components/KvKeyPartEditor.tsx":{"bytes":3497,"imports":[{"path":"https://esm.sh/*@preact/signals@1.2.2","kind":"import-statement","original":"@preact/signals"},{"path":"components/Label.tsx","kind":"import-statement","original":"./Label.tsx"},{"path":"https://esm.sh/preact@10.22.0/jsx-runtime","kind":"import-statement","original":"preact/jsx-runtime"}],"format":"esm"},"components/Editor.tsx":{"bytes":11996,"imports":[{"path":"preact","kind":"import-statement","external":true},{"path":"https://esm.sh/preact@10.22.0/hooks","kind":"import-statement","original":"preact/hooks"},{"path":"https://esm.sh/*@preact/signals@1.2.2","kind":"import-statement","original":"@preact/signals"},{"path":"https://esm.sh/preact@10.22.0/hooks","kind":"import-statement","original":"preact/hooks"},{"path":"utils/signals.ts","kind":"import-statement","original":"$utils/signals.ts"},{"path":"https://esm.sh/preact@10.22.0/jsx-runtime","kind":"import-statement","original":"preact/jsx-runtime"}],"format":"esm"},"https://jsr.io/@std/html/1.0.3/entities.ts":{"bytes":3416,"imports":[],"format":"esm"},"utils/highlight.ts":{"bytes":1109,"imports":[{"path":"https://jsr.io/@std/html/1.0.3/entities.ts","kind":"import-statement","original":"@std/html/entities"},{"path":"utils/kv.ts","kind":"import-statement","original":"./kv.ts"}],"format":"esm"},"components/EditorJson.tsx":{"bytes":288,"imports":[{"path":"components/Editor.tsx","kind":"import-statement","original":"./Editor.tsx"},{"path":"utils/highlight.ts","kind":"import-statement","original":"$utils/highlight.ts"},{"path":"https://esm.sh/preact@10.22.0/jsx-runtime","kind":"import-statement","original":"preact/jsx-runtime"}],"format":"esm"},"components/KvValueEditor.tsx":{"bytes":12136,"imports":[{"path":"@kitsonk/kv-toolbox/blob","kind":"import-statement","external":true},{"path":"https://jsr.io/@kitsonk/kv-toolbox/0.20.1/json.ts","kind":"import-statement","original":"@kitsonk/kv-toolbox/json"},{"path":"https://esm.sh/*@preact/signals@1.2.2","kind":"import-statement","original":"@preact/signals"},{"path":"utils/kv.ts","kind":"import-statement","original":"$utils/kv.ts"},{"path":"components/EditorJson.tsx","kind":"import-statement","original":"./EditorJson.tsx"},{"path":"https://esm.sh/preact@10.22.0/jsx-runtime","kind":"import-statement","original":"preact/jsx-runtime"}],"format":"esm"},"components/DialogAddEntry.tsx":{"bytes":6633,"imports":[{"path":"@kitsonk/kv-toolbox/json","kind":"import-statement","external":true},{"path":"preact","kind":"import-statement","external":true},{"path":"https://esm.sh/*@preact/signals@1.2.2","kind":"import-statement","original":"@preact/signals"},{"path":"https://esm.sh/preact@10.22.0/hooks","kind":"import-statement","original":"preact/hooks"},{"path":"https://jsr.io/@std/assert/1.0.8/assert.ts","kind":"import-statement","original":"@std/assert/assert"},{"path":"utils/formData.ts","kind":"import-statement","original":"$utils/formData.ts"},{"path":"utils/kv.ts","kind":"import-statement","original":"$utils/kv.ts"},{"path":"utils/state.ts","kind":"import-statement","original":"$utils/state.ts"},{"path":"components/AddButton.tsx","kind":"import-statement","original":"./AddButton.tsx"},{"path":"components/Alert.tsx","kind":"import-statement","original":"./Alert.tsx"},{"path":"components/CloseButton.tsx","kind":"import-statement","original":"./CloseButton.tsx"},{"path":"components/Dialog.tsx","kind":"import-statement","original":"./Dialog.tsx"},{"path":"components/Label.tsx","kind":"import-statement","original":"./Label.tsx"},{"path":"components/KvKey.tsx","kind":"import-statement","original":"./KvKey.tsx"},{"path":"components/KvKeyPartEditor.tsx","kind":"import-statement","original":"./KvKeyPartEditor.tsx"},{"path":"components/KvValueEditor.tsx","kind":"import-statement","original":"./KvValueEditor.tsx"},{"path":"https://esm.sh/preact@10.22.0/jsx-runtime","kind":"import-statement","original":"preact/jsx-runtime"}],"format":"esm"},"components/DialogDeleteEntries.tsx":{"bytes":4949,"imports":[{"path":"@kitsonk/kv-toolbox/json","kind":"import-statement","external":true},{"path":"preact","kind":"import-statement","external":true},{"path":"https://esm.sh/preact@10.22.0/hooks","kind":"import-statement","original":"preact/hooks"},{"path":"https://esm.sh/*@preact/signals@1.2.2","kind":"import-statement","original":"@preact/signals"},{"path":"utils/kv.ts","kind":"import-statement","original":"$utils/kv.ts"},{"path":"utils/state.ts","kind":"import-statement","original":"$utils/state.ts"},{"path":"utils/tree_state.ts","kind":"import-statement","original":"$utils/tree_state.ts"},{"path":"components/Alert.tsx","kind":"import-statement","original":"./Alert.tsx"},{"path":"components/CloseButton.tsx","kind":"import-statement","original":"./CloseButton.tsx"},{"path":"components/Dialog.tsx","kind":"import-statement","original":"./Dialog.tsx"},{"path":"components/Loader.tsx","kind":"import-statement","original":"./Loader.tsx"},{"path":"components/TreeView.tsx","kind":"import-statement","original":"./TreeView.tsx"},{"path":"https://esm.sh/preact@10.22.0/jsx-runtime","kind":"import-statement","original":"preact/jsx-runtime"}],"format":"esm"},"components/DialogExport.tsx":{"bytes":2780,"imports":[{"path":"@kitsonk/kv-toolbox/json","kind":"import-statement","external":true},{"path":"https://esm.sh/*@preact/signals@1.2.2","kind":"import-statement","original":"@preact/signals"},{"path":"utils/kv.ts","kind":"import-statement","original":"$utils/kv.ts"},{"path":"components/CloseButton.tsx","kind":"import-statement","original":"./CloseButton.tsx"},{"path":"components/Dialog.tsx","kind":"import-statement","original":"./Dialog.tsx"},{"path":"components/KvKey.tsx","kind":"import-statement","original":"./KvKey.tsx"},{"path":"https://esm.sh/preact@10.22.0/jsx-runtime","kind":"import-statement","original":"preact/jsx-runtime"}],"format":"esm"},"components/DialogImport.tsx":{"bytes":6222,"imports":[{"path":"@kitsonk/kv-toolbox/json","kind":"import-statement","external":true},{"path":"preact","kind":"import-statement","external":true},{"path":"https://esm.sh/*@preact/signals@1.2.2","kind":"import-statement","original":"@preact/signals"},{"path":"utils/kv.ts","kind":"import-statement","original":"$utils/kv.ts"},{"path":"utils/state.ts","kind":"import-statement","original":"$utils/state.ts"},{"path":"components/Alert.tsx","kind":"import-statement","original":"./Alert.tsx"},{"path":"components/CloseButton.tsx","kind":"import-statement","original":"./CloseButton.tsx"},{"path":"components/Dialog.tsx","kind":"import-statement","original":"./Dialog.tsx"},{"path":"https://esm.sh/preact@10.22.0/hooks","kind":"import-statement","original":"preact/hooks"},{"path":"https://jsr.io/@std/assert/1.0.8/assert.ts","kind":"import-statement","original":"@std/assert/assert"},{"path":"https://esm.sh/preact@10.22.0/jsx-runtime","kind":"import-statement","original":"preact/jsx-runtime"}],"format":"esm"},"components/icons/Expand.tsx":{"bytes":350,"imports":[{"path":"https://deno.land/x/fresh@1.7.3/runtime.ts","kind":"import-statement","original":"$fresh/runtime.ts"},{"path":"https://esm.sh/preact@10.22.0/jsx-runtime","kind":"import-statement","original":"preact/jsx-runtime"}],"format":"esm"},"components/icons/RightArrow.tsx":{"bytes":375,"imports":[{"path":"https://deno.land/x/fresh@1.7.3/runtime.ts","kind":"import-statement","original":"$fresh/runtime.ts"},{"path":"https://esm.sh/preact@10.22.0/jsx-runtime","kind":"import-statement","original":"preact/jsx-runtime"}],"format":"esm"},"components/KvKeyList.tsx":{"bytes":2095,"imports":[{"path":"@kitsonk/kv-toolbox/json","kind":"import-statement","external":true},{"path":"@preact/signals","kind":"import-statement","external":true},{"path":"components/KvKeyPart.tsx","kind":"import-statement","original":"./KvKeyPart.tsx"},{"path":"components/icons/Expand.tsx","kind":"import-statement","original":"./icons/Expand.tsx"},{"path":"components/icons/RightArrow.tsx","kind":"import-statement","original":"./icons/RightArrow.tsx"},{"path":"https://esm.sh/preact@10.22.0/jsx-runtime","kind":"import-statement","original":"preact/jsx-runtime"}],"format":"esm"},"components/DialogDeleteEntry.tsx":{"bytes":4454,"imports":[{"path":"https://deno.land/x/fresh@1.7.3/runtime.ts","kind":"import-statement","original":"$fresh/runtime.ts"},{"path":"@kitsonk/kv-toolbox/blob","kind":"import-statement","external":true},{"path":"@kitsonk/kv-toolbox/json","kind":"import-statement","external":true},{"path":"@preact/signals","kind":"import-statement","external":true},{"path":"utils/kv.ts","kind":"import-statement","original":"$utils/kv.ts"},{"path":"https://jsr.io/@std/assert/1.0.8/assert.ts","kind":"import-statement","original":"@std/assert/assert"},{"path":"utils/state.ts","kind":"import-statement","original":"$utils/state.ts"},{"path":"components/Dialog.tsx","kind":"import-statement","original":"./Dialog.tsx"},{"path":"components/KvKey.tsx","kind":"import-statement","original":"./KvKey.tsx"},{"path":"https://esm.sh/preact@10.22.0/jsx-runtime","kind":"import-statement","original":"preact/jsx-runtime"}],"format":"esm"},"components/DialogEditValue.tsx":{"bytes":7849,"imports":[{"path":"@kitsonk/kv-toolbox/blob","kind":"import-statement","external":true},{"path":"@kitsonk/kv-toolbox/json","kind":"import-statement","external":true},{"path":"preact","kind":"import-statement","external":true},{"path":"https://esm.sh/*@preact/signals@1.2.2","kind":"import-statement","original":"@preact/signals"},{"path":"https://esm.sh/preact@10.22.0/hooks","kind":"import-statement","original":"preact/hooks"},{"path":"https://jsr.io/@std/assert/1.0.8/assert.ts","kind":"import-statement","original":"@std/assert/assert"},{"path":"utils/formData.ts","kind":"import-statement","original":"$utils/formData.ts"},{"path":"utils/kv.ts","kind":"import-statement","original":"$utils/kv.ts"},{"path":"utils/state.ts","kind":"import-statement","original":"$utils/state.ts"},{"path":"components/Alert.tsx","kind":"import-statement","original":"./Alert.tsx"},{"path":"components/CloseButton.tsx","kind":"import-statement","original":"./CloseButton.tsx"},{"path":"components/Dialog.tsx","kind":"import-statement","original":"./Dialog.tsx"},{"path":"components/KvKey.tsx","kind":"import-statement","original":"./KvKey.tsx"},{"path":"components/KvValueEditor.tsx","kind":"import-statement","original":"./KvValueEditor.tsx"},{"path":"https://esm.sh/preact@10.22.0/jsx-runtime","kind":"import-statement","original":"preact/jsx-runtime"}],"format":"esm"},"https://jsr.io/@std/media-types/1.0.3/type_by_extension.ts":{"bytes":1182,"imports":[{"path":"https://jsr.io/@std/media-types/1.0.3/_db.ts","kind":"import-statement","original":"./_db.ts"}],"format":"esm"},"https://jsr.io/@oak/commons/1.0.0/media_types.ts":{"bytes":6515,"imports":[{"path":"https://jsr.io/@std/media-types/1.0.3/type_by_extension.ts","kind":"import-statement","original":"jsr:@std/media-types@^1.0/type-by-extension"}],"format":"esm"},"https://jsr.io/@std/fmt/1.0.3/bytes.ts":{"bytes":5651,"imports":[],"format":"esm"},"components/icons/ArrowUpRight.tsx":{"bytes":380,"imports":[{"path":"https://deno.land/x/fresh@1.7.3/runtime.ts","kind":"import-statement","original":"$fresh/runtime.ts"},{"path":"https://esm.sh/preact@10.22.0/jsx-runtime","kind":"import-statement","original":"preact/jsx-runtime"}],"format":"esm"},"components/icons/Download.tsx":{"bytes":378,"imports":[{"path":"https://deno.land/x/fresh@1.7.3/runtime.ts","kind":"import-statement","original":"$fresh/runtime.ts"},{"path":"https://esm.sh/preact@10.22.0/jsx-runtime","kind":"import-statement","original":"preact/jsx-runtime"}],"format":"esm"},"components/BlobViewer.tsx":{"bytes":6532,"imports":[{"path":"@kitsonk/kv-toolbox/blob","kind":"import-statement","external":true},{"path":"@kitsonk/kv-toolbox/json","kind":"import-statement","external":true},{"path":"https://jsr.io/@oak/commons/1.0.0/media_types.ts","kind":"import-statement","original":"@oak/commons/media_types"},{"path":"https://jsr.io/@std/fmt/1.0.3/bytes.ts","kind":"import-statement","original":"@std/fmt/bytes"},{"path":"utils/kv.ts","kind":"import-statement","original":"$utils/kv.ts"},{"path":"components/icons/ArrowUpRight.tsx","kind":"import-statement","original":"./icons/ArrowUpRight.tsx"},{"path":"components/icons/Download.tsx","kind":"import-statement","original":"./icons/Download.tsx"},{"path":"https://esm.sh/preact@10.22.0/jsx-runtime","kind":"import-statement","original":"preact/jsx-runtime"}],"format":"esm"},"components/HexViewer.tsx":{"bytes":5267,"imports":[{"path":"https://esm.sh/*@preact/signals@1.2.2","kind":"import-statement","original":"@preact/signals"},{"path":"https://jsr.io/@std/encoding/1.0.5/base64url.ts","kind":"import-statement","original":"@std/encoding/base64url"},{"path":"https://esm.sh/preact@10.22.0/jsx-runtime","kind":"import-statement","original":"preact/jsx-runtime"}],"format":"esm"},"https://deno.land/std@0.216.0/fmt/colors.ts":{"bytes":12971,"imports":[],"format":"esm"},"components/KvValue.tsx":{"bytes":7424,"imports":[{"path":"preact","kind":"import-statement","external":true},{"path":"@kitsonk/kv-toolbox/blob","kind":"import-statement","external":true},{"path":"https://jsr.io/@kitsonk/kv-toolbox/0.20.1/json.ts","kind":"import-statement","original":"@kitsonk/kv-toolbox/json"},{"path":"utils/highlight.ts","kind":"import-statement","original":"$utils/highlight.ts"},{"path":"components/BlobViewer.tsx","kind":"import-statement","original":"./BlobViewer.tsx"},{"path":"components/HexViewer.tsx","kind":"import-statement","original":"./HexViewer.tsx"},{"path":"https://deno.land/std@0.216.0/fmt/colors.ts","kind":"import-statement","original":"https://deno.land/std@0.216.0/fmt/colors.ts"},{"path":"https://esm.sh/preact@10.22.0/jsx-runtime","kind":"import-statement","original":"preact/jsx-runtime"}],"format":"esm"},"components/icons/Observe.tsx":{"bytes":368,"imports":[{"path":"https://deno.land/x/fresh@1.7.3/runtime.ts","kind":"import-statement","original":"$fresh/runtime.ts"},{"path":"https://esm.sh/preact@10.22.0/jsx-runtime","kind":"import-statement","original":"preact/jsx-runtime"}],"format":"esm"},"components/KvEntry.tsx":{"bytes":5848,"imports":[{"path":"@kitsonk/kv-toolbox/blob","kind":"import-statement","external":true},{"path":"@kitsonk/kv-toolbox/json","kind":"import-statement","external":true},{"path":"https://esm.sh/*@preact/signals@1.2.2","kind":"import-statement","original":"@preact/signals"},{"path":"utils/kv.ts","kind":"import-statement","original":"$utils/kv.ts"},{"path":"utils/state.ts","kind":"import-statement","original":"$utils/state.ts"},{"path":"components/DialogAddEntry.tsx","kind":"import-statement","original":"./DialogAddEntry.tsx"},{"path":"components/DialogDeleteEntry.tsx","kind":"import-statement","original":"./DialogDeleteEntry.tsx"},{"path":"components/DialogEditValue.tsx","kind":"import-statement","original":"./DialogEditValue.tsx"},{"path":"components/KvKey.tsx","kind":"import-statement","original":"./KvKey.tsx"},{"path":"components/KvValue.tsx","kind":"import-statement","original":"./KvValue.tsx"},{"path":"components/icons/Observe.tsx","kind":"import-statement","original":"./icons/Observe.tsx"},{"path":"https://esm.sh/preact@10.22.0/jsx-runtime","kind":"import-statement","original":"preact/jsx-runtime"}],"format":"esm"},"components/Toast.tsx":{"bytes":2774,"imports":[{"path":"https://deno.land/x/fresh@1.7.3/runtime.ts","kind":"import-statement","original":"$fresh/runtime.ts"},{"path":"utils/state.ts","kind":"import-statement","original":"$utils/state.ts"},{"path":"https://esm.sh/preact@10.22.0/jsx-runtime","kind":"import-statement","original":"preact/jsx-runtime"}],"format":"esm"},"components/Toaster.tsx":{"bytes":312,"imports":[{"path":"components/Toast.tsx","kind":"import-statement","original":"$components/Toast.tsx"},{"path":"utils/state.ts","kind":"import-statement","original":"$utils/state.ts"},{"path":"https://esm.sh/preact@10.22.0/jsx-runtime","kind":"import-statement","original":"preact/jsx-runtime"}],"format":"esm"},"islands/KvExplorer.tsx":{"bytes":7174,"imports":[{"path":"components/AddButton.tsx","kind":"import-statement","original":"$components/AddButton.tsx"},{"path":"components/DialogAddEntry.tsx","kind":"import-statement","original":"$components/DialogAddEntry.tsx"},{"path":"components/DialogDeleteEntries.tsx","kind":"import-statement","original":"$components/DialogDeleteEntries.tsx"},{"path":"components/DialogExport.tsx","kind":"import-statement","original":"$components/DialogExport.tsx"},{"path":"components/DialogImport.tsx","kind":"import-statement","original":"$components/DialogImport.tsx"},{"path":"components/KvKey.tsx","kind":"import-statement","original":"$components/KvKey.tsx"},{"path":"components/KvKeyList.tsx","kind":"import-statement","original":"$components/KvKeyList.tsx"},{"path":"components/KvEntry.tsx","kind":"import-statement","original":"$components/KvEntry.tsx"},{"path":"components/Loader.tsx","kind":"import-statement","original":"$components/Loader.tsx"},{"path":"components/Toaster.tsx","kind":"import-statement","original":"$components/Toaster.tsx"},{"path":"https://esm.sh/*@preact/signals@1.2.2","kind":"import-statement","original":"@preact/signals"},{"path":"$utils/dash.ts","kind":"import-statement","external":true},{"path":"utils/kv.ts","kind":"import-statement","original":"$utils/kv.ts"},{"path":"@kitsonk/kv-toolbox/blob","kind":"import-statement","external":true},{"path":"@kitsonk/kv-toolbox/json","kind":"import-statement","external":true},{"path":"https://esm.sh/preact@10.22.0/jsx-runtime","kind":"import-statement","original":"preact/jsx-runtime"}],"format":"esm"},"components/DialogAddUpdateLocal.tsx":{"bytes":4759,"imports":[{"path":"preact","kind":"import-statement","external":true},{"path":"https://esm.sh/preact@10.22.0/hooks","kind":"import-statement","original":"preact/hooks"},{"path":"https://esm.sh/*@preact/signals@1.2.2","kind":"import-statement","original":"@preact/signals"},{"path":"https://jsr.io/@std/assert/1.0.8/assert.ts","kind":"import-statement","original":"@std/assert/assert"},{"path":"https://jsr.io/@std/encoding/1.0.5/base64url.ts","kind":"import-statement","original":"@std/encoding/base64url"},{"path":"$utils/kv.ts","kind":"import-statement","external":true},{"path":"components/AddButton.tsx","kind":"import-statement","original":"./AddButton.tsx"},{"path":"components/Alert.tsx","kind":"import-statement","original":"./Alert.tsx"},{"path":"components/CloseButton.tsx","kind":"import-statement","original":"./CloseButton.tsx"},{"path":"components/Dialog.tsx","kind":"import-statement","original":"./Dialog.tsx"},{"path":"components/Label.tsx","kind":"import-statement","original":"./Label.tsx"},{"path":"https://esm.sh/preact@10.22.0/jsx-runtime","kind":"import-statement","original":"preact/jsx-runtime"}],"format":"esm"},"components/DialogDeleteLocal.tsx":{"bytes":3558,"imports":[{"path":"https://deno.land/x/fresh@1.7.3/runtime.ts","kind":"import-statement","original":"$fresh/runtime.ts"},{"path":"@preact/signals","kind":"import-statement","external":true},{"path":"$utils/kv.ts","kind":"import-statement","external":true},{"path":"utils/state.ts","kind":"import-statement","original":"$utils/state.ts"},{"path":"components/Dialog.tsx","kind":"import-statement","original":"./Dialog.tsx"},{"path":"https://esm.sh/preact@10.22.0/jsx-runtime","kind":"import-statement","original":"preact/jsx-runtime"}],"format":"esm"},"islands/LocalControls.tsx":{"bytes":1597,"imports":[{"path":"components/DialogAddUpdateLocal.tsx","kind":"import-statement","original":"../components/DialogAddUpdateLocal.tsx"},{"path":"components/DialogDeleteLocal.tsx","kind":"import-statement","original":"$components/DialogDeleteLocal.tsx"},{"path":"https://esm.sh/*@preact/signals@1.2.2","kind":"import-statement","original":"@preact/signals"},{"path":"$utils/kv.ts","kind":"import-statement","external":true},{"path":"https://esm.sh/preact@10.22.0/jsx-runtime","kind":"import-statement","original":"preact/jsx-runtime"}],"format":"esm"},"components/EditLabel.tsx":{"bytes":2203,"imports":[{"path":"https://esm.sh/*@preact/signals@1.2.2","kind":"import-statement","original":"@preact/signals"},{"path":"https://esm.sh/preact@10.22.0/hooks","kind":"import-statement","original":"preact/hooks"},{"path":"https://esm.sh/preact@10.22.0/jsx-runtime","kind":"import-statement","original":"preact/jsx-runtime"}],"format":"esm"},"components/icons/KV.tsx":{"bytes":361,"imports":[{"path":"https://deno.land/x/fresh@1.7.3/runtime.ts","kind":"import-statement","original":"$fresh/runtime.ts"},{"path":"https://esm.sh/preact@10.22.0/jsx-runtime","kind":"import-statement","original":"preact/jsx-runtime"}],"format":"esm"},"components/LocalKv.tsx":{"bytes":1911,"imports":[{"path":"https://esm.sh/*@preact/signals@1.2.2","kind":"import-statement","original":"@preact/signals"},{"path":"https://jsr.io/@std/encoding/1.0.5/base64url.ts","kind":"import-statement","original":"@std/encoding/base64url"},{"path":"https://jsr.io/@std/fmt/1.0.3/bytes.ts","kind":"import-statement","original":"@std/fmt/bytes"},{"path":"$utils/kv.ts","kind":"import-statement","external":true},{"path":"components/EditLabel.tsx","kind":"import-statement","original":"./EditLabel.tsx"},{"path":"components/icons/KV.tsx","kind":"import-statement","original":"./icons/KV.tsx"},{"path":"https://esm.sh/preact@10.22.0/jsx-runtime","kind":"import-statement","original":"preact/jsx-runtime"}],"format":"esm"},"islands/LocalKvList.tsx":{"bytes":1043,"imports":[{"path":"components/AddButton.tsx","kind":"import-statement","original":"$components/AddButton.tsx"},{"path":"components/DialogAddUpdateLocal.tsx","kind":"import-statement","original":"../components/DialogAddUpdateLocal.tsx"},{"path":"components/LocalKv.tsx","kind":"import-statement","original":"$components/LocalKv.tsx"},{"path":"https://esm.sh/*@preact/signals@1.2.2","kind":"import-statement","original":"@preact/signals"},{"path":"$utils/kv.ts","kind":"import-statement","external":true},{"path":"https://esm.sh/preact@10.22.0/jsx-runtime","kind":"import-statement","original":"preact/jsx-runtime"}],"format":"esm"},"components/DialogAddUpdateRemote.tsx":{"bytes":10483,"imports":[{"path":"preact","kind":"import-statement","external":true},{"path":"https://esm.sh/preact@10.22.0/hooks","kind":"import-statement","original":"preact/hooks"},{"path":"https://esm.sh/*@preact/signals@1.2.2","kind":"import-statement","original":"@preact/signals"},{"path":"https://jsr.io/@std/assert/1.0.8/assert.ts","kind":"import-statement","original":"@std/assert/assert"},{"path":"https://jsr.io/@std/encoding/1.0.5/base64url.ts","kind":"import-statement","original":"@std/encoding/base64url"},{"path":"$utils/remoteStores.ts","kind":"import-statement","external":true},{"path":"utils/state.ts","kind":"import-statement","original":"$utils/state.ts"},{"path":"components/AddButton.tsx","kind":"import-statement","original":"./AddButton.tsx"},{"path":"components/Alert.tsx","kind":"import-statement","original":"./Alert.tsx"},{"path":"components/CloseButton.tsx","kind":"import-statement","original":"./CloseButton.tsx"},{"path":"components/Dialog.tsx","kind":"import-statement","original":"./Dialog.tsx"},{"path":"components/Label.tsx","kind":"import-statement","original":"./Label.tsx"},{"path":"https://esm.sh/preact@10.22.0/jsx-runtime","kind":"import-statement","original":"preact/jsx-runtime"}],"format":"esm"},"components/DialogDeleteRemote.tsx":{"bytes":3620,"imports":[{"path":"https://deno.land/x/fresh@1.7.3/runtime.ts","kind":"import-statement","original":"$fresh/runtime.ts"},{"path":"@preact/signals","kind":"import-statement","external":true},{"path":"$utils/remoteStores.ts","kind":"import-statement","external":true},{"path":"utils/state.ts","kind":"import-statement","original":"$utils/state.ts"},{"path":"components/Dialog.tsx","kind":"import-statement","original":"./Dialog.tsx"},{"path":"https://esm.sh/preact@10.22.0/jsx-runtime","kind":"import-statement","original":"preact/jsx-runtime"}],"format":"esm"},"islands/RemoteControls.tsx":{"bytes":1497,"imports":[{"path":"components/DialogAddUpdateRemote.tsx","kind":"import-statement","original":"$components/DialogAddUpdateRemote.tsx"},{"path":"components/DialogDeleteRemote.tsx","kind":"import-statement","original":"$components/DialogDeleteRemote.tsx"},{"path":"components/Toaster.tsx","kind":"import-statement","original":"$components/Toaster.tsx"},{"path":"https://esm.sh/*@preact/signals@1.2.2","kind":"import-statement","original":"@preact/signals"},{"path":"$utils/remoteStores.ts","kind":"import-statement","external":true},{"path":"https://esm.sh/preact@10.22.0/jsx-runtime","kind":"import-statement","original":"preact/jsx-runtime"}],"format":"esm"},"components/icons/Remote.tsx":{"bytes":366,"imports":[{"path":"https://deno.land/x/fresh@1.7.3/runtime.ts","kind":"import-statement","original":"$fresh/runtime.ts"},{"path":"https://esm.sh/preact@10.22.0/jsx-runtime","kind":"import-statement","original":"preact/jsx-runtime"}],"format":"esm"},"components/RemoteKv.tsx":{"bytes":882,"imports":[{"path":"https://jsr.io/@std/encoding/1.0.5/base64url.ts","kind":"import-statement","original":"@std/encoding/base64url"},{"path":"$utils/remoteStores.ts","kind":"import-statement","external":true},{"path":"components/icons/Remote.tsx","kind":"import-statement","original":"./icons/Remote.tsx"},{"path":"https://esm.sh/preact@10.22.0/jsx-runtime","kind":"import-statement","original":"preact/jsx-runtime"}],"format":"esm"},"islands/RemoteKvList.tsx":{"bytes":1782,"imports":[{"path":"components/AddButton.tsx","kind":"import-statement","original":"$components/AddButton.tsx"},{"path":"components/DialogAddUpdateRemote.tsx","kind":"import-statement","original":"$components/DialogAddUpdateRemote.tsx"},{"path":"components/RemoteKv.tsx","kind":"import-statement","original":"$components/RemoteKv.tsx"},{"path":"components/Toaster.tsx","kind":"import-statement","original":"$components/Toaster.tsx"},{"path":"https://esm.sh/*@preact/signals@1.2.2","kind":"import-statement","original":"@preact/signals"},{"path":"$utils/remoteStores.ts","kind":"import-statement","external":true},{"path":"https://esm.sh/preact@10.22.0/jsx-runtime","kind":"import-statement","original":"preact/jsx-runtime"}],"format":"esm"},"components/icons/Trashcan.tsx":{"bytes":370,"imports":[{"path":"https://deno.land/x/fresh@1.7.3/runtime.ts","kind":"import-statement","original":"$fresh/runtime.ts"},{"path":"https://esm.sh/preact@10.22.0/jsx-runtime","kind":"import-statement","original":"preact/jsx-runtime"}],"format":"esm"},"components/WatchedStore.tsx":{"bytes":2094,"imports":[{"path":"@kitsonk/kv-toolbox/json","kind":"import-statement","external":true},{"path":"@preact/signals","kind":"import-statement","external":true},{"path":"utils/kv.ts","kind":"import-statement","original":"$utils/kv.ts"},{"path":"components/KvKey.tsx","kind":"import-statement","original":"./KvKey.tsx"},{"path":"components/KvValue.tsx","kind":"import-statement","original":"./KvValue.tsx"},{"path":"components/icons/Trashcan.tsx","kind":"import-statement","original":"./icons/Trashcan.tsx"},{"path":"https://esm.sh/preact@10.22.0/jsx-runtime","kind":"import-statement","original":"preact/jsx-runtime"}],"format":"esm"},"islands/Watches.tsx":{"bytes":3206,"imports":[{"path":"components/Toaster.tsx","kind":"import-statement","original":"$components/Toaster.tsx"},{"path":"components/WatchedStore.tsx","kind":"import-statement","original":"$components/WatchedStore.tsx"},{"path":"https://deno.land/x/fresh@1.7.3/runtime.ts","kind":"import-statement","original":"$fresh/runtime.ts"},{"path":"https://jsr.io/@kitsonk/kv-toolbox/0.20.1/json.ts","kind":"import-statement","original":"@kitsonk/kv-toolbox/json"},{"path":"https://jsr.io/@kitsonk/kv-toolbox/0.20.1/keys.ts","kind":"import-statement","original":"@kitsonk/kv-toolbox/keys"},{"path":"https://esm.sh/*@preact/signals@1.2.2","kind":"import-statement","original":"@preact/signals"},{"path":"utils/state.ts","kind":"import-statement","original":"$utils/state.ts"},{"path":"https://esm.sh/preact@10.22.0/jsx-runtime","kind":"import-statement","original":"preact/jsx-runtime"}],"format":"esm"}},"outputs":{"island-remotekvlist.js":{"imports":[{"path":"chunk-U4X4EYFM.js","kind":"import-statement"},{"path":"chunk-IAJJP2ER.js","kind":"import-statement"},{"path":"chunk-XHOLGF4W.js","kind":"import-statement"},{"path":"chunk-K77XPCLS.js","kind":"import-statement"},{"path":"chunk-O4EQDEIT.js","kind":"import-statement"},{"path":"chunk-6DBZS77G.js","kind":"import-statement"},{"path":"chunk-244F7HGN.js","kind":"import-statement"},{"path":"chunk-BLU3JEWT.js","kind":"import-statement"},{"path":"chunk-V7IMYVGJ.js","kind":"import-statement"},{"path":"chunk-JG7V63GM.js","kind":"import-statement"}],"exports":["default"],"entryPoint":"islands/RemoteKvList.tsx","inputs":{"components/icons/Remote.tsx":{"bytesInOutput":187},"components/RemoteKv.tsx":{"bytesInOutput":452},"islands/RemoteKvList.tsx":{"bytesInOutput":791}},"bytes":1823},"island-watches.js":{"imports":[{"path":"chunk-XDG6HIBH.js","kind":"import-statement"},{"path":"chunk-5D6ILB5N.js","kind":"import-statement"},{"path":"chunk-OFE4TZQ3.js","kind":"import-statement"},{"path":"chunk-IAJJP2ER.js","kind":"import-statement"},{"path":"chunk-XHOLGF4W.js","kind":"import-statement"},{"path":"chunk-K77XPCLS.js","kind":"import-statement"},{"path":"chunk-6DBZS77G.js","kind":"import-statement"},{"path":"chunk-244F7HGN.js","kind":"import-statement"},{"path":"chunk-BLU3JEWT.js","kind":"import-statement"},{"path":"chunk-V7IMYVGJ.js","kind":"import-statement"},{"path":"chunk-JG7V63GM.js","kind":"import-statement"}],"exports":["default"],"entryPoint":"islands/Watches.tsx","inputs":{"components/icons/Trashcan.tsx":{"bytesInOutput":189},"components/WatchedStore.tsx":{"bytesInOutput":1008},"islands/Watches.tsx":{"bytesInOutput":1233}},"bytes":2891},"main.js":{"imports":[{"path":"chunk-244F7HGN.js","kind":"import-statement"},{"path":"chunk-V7IMYVGJ.js","kind":"import-statement"},{"path":"chunk-JG7V63GM.js","kind":"import-statement"}],"exports":["applyPartials","revive"],"entryPoint":"https://deno.land/x/fresh@1.7.3/src/runtime/entrypoints/main.ts","inputs":{"https://deno.land/x/fresh@1.7.3/src/runtime/polyfills.ts":{"bytesInOutput":50},"https://deno.land/x/fresh@1.7.3/src/constants.ts":{"bytesInOutput":121},"https://deno.land/x/fresh@1.7.3/src/runtime/active_url.ts":{"bytesInOutput":383},"https://deno.land/x/fresh@1.7.3/src/runtime/entrypoints/main.ts":{"bytesInOutput":9755}},"bytes":10501},"deserializer.js":{"imports":[{"path":"chunk-JG7V63GM.js","kind":"import-statement"}],"exports":["deserialize"],"entryPoint":"https://deno.land/x/fresh@1.7.3/src/runtime/entrypoints/deserializer.ts","inputs":{"https://deno.land/x/fresh@1.7.3/src/runtime/deserializer.ts":{"bytesInOutput":753},"https://deno.land/x/fresh@1.7.3/src/runtime/entrypoints/deserializer.ts":{"bytesInOutput":0}},"bytes":807},"signals.js":{"imports":[{"path":"chunk-BLU3JEWT.js","kind":"import-statement"},{"path":"chunk-V7IMYVGJ.js","kind":"import-statement"},{"path":"chunk-JG7V63GM.js","kind":"import-statement"}],"exports":["signal"],"entryPoint":"https://deno.land/x/fresh@1.7.3/src/runtime/entrypoints/signals.ts","inputs":{"https://deno.land/x/fresh@1.7.3/src/runtime/entrypoints/signals.ts":{"bytesInOutput":0}},"bytes":117},"island-keytree.js":{"imports":[{"path":"chunk-2QQCPLFY.js","kind":"import-statement"},{"path":"chunk-5D6ILB5N.js","kind":"import-statement"},{"path":"chunk-K77XPCLS.js","kind":"import-statement"},{"path":"chunk-6DBZS77G.js","kind":"import-statement"},{"path":"chunk-244F7HGN.js","kind":"import-statement"},{"path":"chunk-BLU3JEWT.js","kind":"import-statement"},{"path":"chunk-V7IMYVGJ.js","kind":"import-statement"},{"path":"chunk-JG7V63GM.js","kind":"import-statement"}],"exports":["default"],"entryPoint":"islands/KeyTree.tsx","inputs":{"islands/KeyTree.tsx":{"bytesInOutput":584}},"bytes":913},"island-kvexplorer.js":{"imports":[{"path":"chunk-XDG6HIBH.js","kind":"import-statement"},{"path":"chunk-2QQCPLFY.js","kind":"import-statement"},{"path":"chunk-5D6ILB5N.js","kind":"import-statement"},{"path":"chunk-OFE4TZQ3.js","kind":"import-statement"},{"path":"chunk-IAJJP2ER.js","kind":"import-statement"},{"path":"chunk-XHOLGF4W.js","kind":"import-statement"},{"path":"chunk-K77XPCLS.js","kind":"import-statement"},{"path":"chunk-O4EQDEIT.js","kind":"import-statement"},{"path":"chunk-6DBZS77G.js","kind":"import-statement"},{"path":"chunk-244F7HGN.js","kind":"import-statement"},{"path":"chunk-BLU3JEWT.js","kind":"import-statement"},{"path":"chunk-V7IMYVGJ.js","kind":"import-statement"},{"path":"chunk-JG7V63GM.js","kind":"import-statement"}],"exports":["default"],"entryPoint":"islands/KvExplorer.tsx","inputs":{"https://jsr.io/@kitsonk/kv-toolbox/0.20.1/size_of.ts":{"bytesInOutput":23},"https://jsr.io/@kitsonk/kv-toolbox/0.20.1/blob.ts":{"bytesInOutput":399},"utils/formData.ts":{"bytesInOutput":1478},"components/KvKeyPartEditor.tsx":{"bytesInOutput":2606},"components/Editor.tsx":{"bytesInOutput":4229},"components/EditorJson.tsx":{"bytesInOutput":48},"components/KvValueEditor.tsx":{"bytesInOutput":8331},"components/DialogAddEntry.tsx":{"bytesInOutput":3118},"components/DialogDeleteEntries.tsx":{"bytesInOutput":2317},"components/DialogExport.tsx":{"bytesInOutput":1803},"components/DialogImport.tsx":{"bytesInOutput":3423},"components/icons/Expand.tsx":{"bytesInOutput":188},"components/icons/RightArrow.tsx":{"bytesInOutput":193},"components/KvKeyList.tsx":{"bytesInOutput":896},"components/DialogDeleteEntry.tsx":{"bytesInOutput":2453},"components/DialogEditValue.tsx":{"bytesInOutput":3669},"components/icons/Observe.tsx":{"bytesInOutput":189},"components/KvEntry.tsx":{"bytesInOutput":2723},"islands/KvExplorer.tsx":{"bytesInOutput":3054}},"bytes":41847},"chunk-XDG6HIBH.js":{"imports":[{"path":"chunk-5D6ILB5N.js","kind":"import-statement"},{"path":"chunk-OFE4TZQ3.js","kind":"import-statement"},{"path":"chunk-K77XPCLS.js","kind":"import-statement"},{"path":"chunk-6DBZS77G.js","kind":"import-statement"},{"path":"chunk-244F7HGN.js","kind":"import-statement"},{"path":"chunk-BLU3JEWT.js","kind":"import-statement"},{"path":"chunk-V7IMYVGJ.js","kind":"import-statement"}],"exports":["a","b","c"],"inputs":{"components/icons/Home.tsx":{"bytesInOutput":185},"components/KvKey.tsx":{"bytesInOutput":629},"https://jsr.io/@std/html/1.0.3/entities.ts":{"bytesInOutput":313},"utils/highlight.ts":{"bytesInOutput":496},"https://jsr.io/@std/media-types/1.0.3/vendor/db.ts":{"bytesInOutput":141090},"https://jsr.io/@std/media-types/1.0.3/_db.ts":{"bytesInOutput":357},"https://jsr.io/@std/media-types/1.0.3/type_by_extension.ts":{"bytesInOutput":77},"https://jsr.io/@oak/commons/1.0.0/media_types.ts":{"bytesInOutput":1500},"components/icons/ArrowUpRight.tsx":{"bytesInOutput":195},"components/icons/Download.tsx":{"bytesInOutput":189},"components/BlobViewer.tsx":{"bytesInOutput":3076},"components/HexViewer.tsx":{"bytesInOutput":2396},"https://deno.land/std@0.216.0/fmt/colors.ts":{"bytesInOutput":555},"components/KvValue.tsx":{"bytesInOutput":3576}},"bytes":154962},"chunk-2QQCPLFY.js":{"imports":[{"path":"chunk-5D6ILB5N.js","kind":"import-statement"},{"path":"chunk-6DBZS77G.js","kind":"import-statement"},{"path":"chunk-244F7HGN.js","kind":"import-statement"},{"path":"chunk-BLU3JEWT.js","kind":"import-statement"},{"path":"chunk-V7IMYVGJ.js","kind":"import-statement"}],"exports":["a","b","c","d","e","f"],"inputs":{"components/Loader.tsx":{"bytesInOutput":386},"utils/tree_state.ts":{"bytesInOutput":1265},"components/icons/ExpandDownArrow.tsx":{"bytesInOutput":208},"components/icons/ExpandRightArrow.tsx":{"bytesInOutput":204},"components/tree_view/Toggle.tsx":{"bytesInOutput":211},"components/tree_view/Checkbox.tsx":{"bytesInOutput":340},"components/tree_view/TreeNodeLabel.tsx":{"bytesInOutput":221},"components/tree_view/TreeNode.tsx":{"bytesInOutput":271},"components/TreeView.tsx":{"bytesInOutput":304}},"bytes":3690},"chunk-5D6ILB5N.js":{"imports":[{"path":"chunk-6DBZS77G.js","kind":"import-statement"},{"path":"chunk-JG7V63GM.js","kind":"import-statement"}],"exports":["a","b","c","d","e"],"inputs":{"(disabled):../../../../AppData/Local/deno/deno_esbuild/registry.npmjs.org/object-inspect@1.13.2/node_modules/object-inspect/util.inspect":{"bytesInOutput":18},"../../../../AppData/Local/deno/deno_esbuild/registry.npmjs.org/object-inspect@1.13.2/node_modules/object-inspect/index.js":{"bytesInOutput":9155},"https://jsr.io/@std/path/1.0.8/_os.ts":{"bytesInOutput":149},"utils/kv.ts":{"bytesInOutput":1489},"components/KvKeyPart.tsx":{"bytesInOutput":527}},"bytes":11476},"island-localcontrols.js":{"imports":[{"path":"chunk-C6N6FPV4.js","kind":"import-statement"},{"path":"chunk-XHOLGF4W.js","kind":"import-statement"},{"path":"chunk-K77XPCLS.js","kind":"import-statement"},{"path":"chunk-O4EQDEIT.js","kind":"import-statement"},{"path":"chunk-6DBZS77G.js","kind":"import-statement"},{"path":"chunk-244F7HGN.js","kind":"import-statement"},{"path":"chunk-BLU3JEWT.js","kind":"import-statement"},{"path":"chunk-V7IMYVGJ.js","kind":"import-statement"},{"path":"chunk-JG7V63GM.js","kind":"import-statement"}],"exports":["default"],"entryPoint":"islands/LocalControls.tsx","inputs":{"components/DialogDeleteLocal.tsx":{"bytesInOutput":2345},"islands/LocalControls.tsx":{"bytesInOutput":804}},"bytes":3497},"island-localkvlist.js":{"imports":[{"path":"chunk-OFE4TZQ3.js","kind":"import-statement"},{"path":"chunk-C6N6FPV4.js","kind":"import-statement"},{"path":"chunk-O4EQDEIT.js","kind":"import-statement"},{"path":"chunk-6DBZS77G.js","kind":"import-statement"},{"path":"chunk-244F7HGN.js","kind":"import-statement"},{"path":"chunk-BLU3JEWT.js","kind":"import-statement"},{"path":"chunk-V7IMYVGJ.js","kind":"import-statement"},{"path":"chunk-JG7V63GM.js","kind":"import-statement"}],"exports":["default"],"entryPoint":"islands/LocalKvList.tsx","inputs":{"components/EditLabel.tsx":{"bytesInOutput":680},"components/icons/KV.tsx":{"bytesInOutput":186},"components/LocalKv.tsx":{"bytesInOutput":1133},"islands/LocalKvList.tsx":{"bytesInOutput":456}},"bytes":2813},"chunk-OFE4TZQ3.js":{"imports":[],"exports":["a"],"inputs":{"https://jsr.io/@std/fmt/1.0.3/bytes.ts":{"bytesInOutput":874}},"bytes":890},"chunk-C6N6FPV4.js":{"imports":[{"path":"chunk-O4EQDEIT.js","kind":"import-statement"},{"path":"chunk-6DBZS77G.js","kind":"import-statement"},{"path":"chunk-BLU3JEWT.js","kind":"import-statement"}],"exports":["a"],"inputs":{"components/DialogAddUpdateLocal.tsx":{"bytesInOutput":2421}},"bytes":2606},"island-remotecontrols.js":{"imports":[{"path":"chunk-U4X4EYFM.js","kind":"import-statement"},{"path":"chunk-IAJJP2ER.js","kind":"import-statement"},{"path":"chunk-XHOLGF4W.js","kind":"import-statement"},{"path":"chunk-K77XPCLS.js","kind":"import-statement"},{"path":"chunk-O4EQDEIT.js","kind":"import-statement"},{"path":"chunk-6DBZS77G.js","kind":"import-statement"},{"path":"chunk-244F7HGN.js","kind":"import-statement"},{"path":"chunk-BLU3JEWT.js","kind":"import-statement"},{"path":"chunk-V7IMYVGJ.js","kind":"import-statement"},{"path":"chunk-JG7V63GM.js","kind":"import-statement"}],"exports":["default"],"entryPoint":"islands/RemoteControls.tsx","inputs":{"components/DialogDeleteRemote.tsx":{"bytesInOutput":2349},"islands/RemoteControls.tsx":{"bytesInOutput":780}},"bytes":3522},"chunk-U4X4EYFM.js":{"imports":[{"path":"chunk-XHOLGF4W.js","kind":"import-statement"},{"path":"chunk-O4EQDEIT.js","kind":"import-statement"},{"path":"chunk-6DBZS77G.js","kind":"import-statement"},{"path":"chunk-BLU3JEWT.js","kind":"import-statement"},{"path":"chunk-V7IMYVGJ.js","kind":"import-statement"}],"exports":["a"],"inputs":{"components/DialogAddUpdateRemote.tsx":{"bytesInOutput":5710}},"bytes":5982},"chunk-IAJJP2ER.js":{"imports":[{"path":"chunk-XHOLGF4W.js","kind":"import-statement"},{"path":"chunk-6DBZS77G.js","kind":"import-statement"},{"path":"chunk-244F7HGN.js","kind":"import-statement"}],"exports":["a"],"inputs":{"components/Toast.tsx":{"bytesInOutput":2087},"components/Toaster.tsx":{"bytesInOutput":129}},"bytes":2352},"chunk-XHOLGF4W.js":{"imports":[{"path":"chunk-K77XPCLS.js","kind":"import-statement"},{"path":"chunk-BLU3JEWT.js","kind":"import-statement"}],"exports":["a","b","c","d"],"inputs":{"https://jsr.io/@std/crypto/1.0.3/timing_safe_equal.ts":{"bytesInOutput":286},"https://jsr.io/@kitsonk/kv-toolbox/0.20.1/blob_util.ts":{"bytesInOutput":11},"https://jsr.io/@kitsonk/kv-toolbox/0.20.1/keys.ts":{"bytesInOutput":241},"utils/remoteStores.ts":{"bytesInOutput":356},"utils/watches.ts":{"bytesInOutput":384},"utils/state.ts":{"bytesInOutput":436}},"bytes":1845},"chunk-K77XPCLS.js":{"imports":[{"path":"chunk-6DBZS77G.js","kind":"import-statement"}],"exports":["a","b","c","d"],"inputs":{"https://jsr.io/@kitsonk/kv-toolbox/0.20.1/json.ts":{"bytesInOutput":5343}},"bytes":5427},"chunk-O4EQDEIT.js":{"imports":[{"path":"chunk-6DBZS77G.js","kind":"import-statement"},{"path":"chunk-244F7HGN.js","kind":"import-statement"},{"path":"chunk-BLU3JEWT.js","kind":"import-statement"}],"exports":["a","b","c","d","e","f","g","h"],"inputs":{"components/AddButton.tsx":{"bytesInOutput":359},"https://jsr.io/@std/assert/1.0.8/assertion_error.ts":{"bytesInOutput":83},"https://jsr.io/@std/assert/1.0.8/assert.ts":{"bytesInOutput":40},"components/Alert.tsx":{"bytesInOutput":977},"components/CloseButton.tsx":{"bytesInOutput":478},"utils/signals.ts":{"bytesInOutput":180},"components/Dialog.tsx":{"bytesInOutput":261},"components/Label.tsx":{"bytesInOutput":137}},"bytes":2714},"chunk-6DBZS77G.js":{"imports":[{"path":"chunk-V7IMYVGJ.js","kind":"import-statement"}],"exports":["a","b","c"],"inputs":{"https://esm.sh/stable/preact@10.22.0/denonext/jsx-runtime.js":{"bytesInOutput":383},"https://esm.sh/preact@10.22.0/jsx-runtime":{"bytesInOutput":0},"https://deno.land/x/fresh@1.7.3/runtime.ts":{"bytesInOutput":0},"https://deno.land/x/fresh@1.7.3/src/runtime/head.ts":{"bytesInOutput":12},"https://deno.land/x/fresh@1.7.3/src/runtime/csp.ts":{"bytesInOutput":16},"https://deno.land/x/fresh@1.7.3/src/runtime/Partial.tsx":{"bytesInOutput":56},"https://jsr.io/@std/encoding/1.0.5/_validate_binary_like.ts":{"bytesInOutput":407},"https://jsr.io/@std/encoding/1.0.5/base64.ts":{"bytesInOutput":669},"https://jsr.io/@std/encoding/1.0.5/base64url.ts":{"bytesInOutput":576}},"bytes":2196},"chunk-244F7HGN.js":{"imports":[],"exports":["a","b","c","d"],"inputs":{"https://deno.land/x/fresh@1.7.3/src/runtime/build_id.ts":{"bytesInOutput":49},"https://deno.land/x/fresh@1.7.3/src/runtime/utils.ts":{"bytesInOutput":891}},"bytes":977},"chunk-BLU3JEWT.js":{"imports":[{"path":"chunk-V7IMYVGJ.js","kind":"import-statement"}],"exports":["a","b","c","d","e","f","g","h","i","j"],"inputs":{"https://esm.sh/v135/@preact/signals-core@1.5.1/X-ZS8q/denonext/signals-core.mjs":{"bytesInOutput":4054},"https://esm.sh/stable/preact@10.22.0/denonext/hooks.js":{"bytesInOutput":2009},"https://esm.sh/preact@10.22.0/hooks":{"bytesInOutput":0},"https://esm.sh/*@preact/signals-core@1.5.1":{"bytesInOutput":0},"https://esm.sh/v135/@preact/signals@1.2.2/X-ZS8q/denonext/signals.mjs":{"bytesInOutput":2260},"https://esm.sh/*@preact/signals@1.2.2":{"bytesInOutput":0}},"bytes":8462},"chunk-V7IMYVGJ.js":{"imports":[],"exports":["a","b","c","d","e","f","g"],"inputs":{"https://esm.sh/stable/preact@10.22.0/denonext/preact.mjs":{"bytesInOutput":10653},"https://esm.sh/preact@10.22.0":{"bytesInOutput":0}},"bytes":10715},"chunk-JG7V63GM.js":{"imports":[],"exports":["a","b"],"inputs":{},"bytes":544}}}