{
  "build_id": "c8cb5bc42f472c7c54a82b7e9ce39be2824cf61b",
  "files": {
    "island-remotekvlist.js": [
      "chunk-U4X4EYFM.js",
      "chunk-IAJJP2ER.js",
      "chunk-XHOLGF4W.js",
      "chunk-K77XPCLS.js",
      "chunk-O4EQDEIT.js",
      "chunk-6DBZS77G.js",
      "chunk-244F7HGN.js",
      "chunk-BLU3JEWT.js",
      "chunk-V7IMYVGJ.js",
      "chunk-JG7V63GM.js"
    ],
    "island-watches.js": [
      "chunk-XDG6HIBH.js",
      "chunk-5D6ILB5N.js",
      "chunk-OFE4TZQ3.js",
      "chunk-IAJJP2ER.js",
      "chunk-XHOLGF4W.js",
      "chunk-K77XPCLS.js",
      "chunk-6DBZS77G.js",
      "chunk-244F7HGN.js",
      "chunk-BLU3JEWT.js",
      "chunk-V7IMYVGJ.js",
      "chunk-JG7V63GM.js"
    ],
    "main.js": [
      "chunk-244F7HGN.js",
      "chunk-V7IMYVGJ.js",
      "chunk-JG7V63GM.js"
    ],
    "deserializer.js": [
      "chunk-JG7V63GM.js"
    ],
    "signals.js": [
      "chunk-BLU3JEWT.js",
      "chunk-V7IMYVGJ.js",
      "chunk-JG7V63GM.js"
    ],
    "island-keytree.js": [
      "chunk-2QQCPLFY.js",
      "chunk-5D6ILB5N.js",
      "chunk-K77XPCLS.js",
      "chunk-6DBZS77G.js",
      "chunk-244F7HGN.js",
      "chunk-BLU3JEWT.js",
      "chunk-V7IMYVGJ.js",
      "chunk-JG7V63GM.js"
    ],
    "island-kvexplorer.js": [
      "chunk-XDG6HIBH.js",
      "chunk-2QQCPLFY.js",
      "chunk-5D6ILB5N.js",
      "chunk-OFE4TZQ3.js",
      "chunk-IAJJP2ER.js",
      "chunk-XHOLGF4W.js",
      "chunk-K77XPCLS.js",
      "chunk-O4EQDEIT.js",
      "chunk-6DBZS77G.js",
      "chunk-244F7HGN.js",
      "chunk-BLU3JEWT.js",
      "chunk-V7IMYVGJ.js",
      "chunk-JG7V63GM.js"
    ],
    "chunk-XDG6HIBH.js": [
      "chunk-5D6ILB5N.js",
      "chunk-OFE4TZQ3.js",
      "chunk-K77XPCLS.js",
      "chunk-6DBZS77G.js",
      "chunk-244F7HGN.js",
      "chunk-BLU3JEWT.js",
      "chunk-V7IMYVGJ.js"
    ],
    "chunk-2QQCPLFY.js": [
      "chunk-5D6ILB5N.js",
      "chunk-6DBZS77G.js",
      "chunk-244F7HGN.js",
      "chunk-BLU3JEWT.js",
      "chunk-V7IMYVGJ.js"
    ],
    "chunk-5D6ILB5N.js": [
      "chunk-6DBZS77G.js",
      "chunk-JG7V63GM.js"
    ],
    "island-localcontrols.js": [
      "chunk-C6N6FPV4.js",
      "chunk-XHOLGF4W.js",
      "chunk-K77XPCLS.js",
      "chunk-O4EQDEIT.js",
      "chunk-6DBZS77G.js",
      "chunk-244F7HGN.js",
      "chunk-BLU3JEWT.js",
      "chunk-V7IMYVGJ.js",
      "chunk-JG7V63GM.js"
    ],
    "island-localkvlist.js": [
      "chunk-OFE4TZQ3.js",
      "chunk-C6N6FPV4.js",
      "chunk-O4EQDEIT.js",
      "chunk-6DBZS77G.js",
      "chunk-244F7HGN.js",
      "chunk-BLU3JEWT.js",
      "chunk-V7IMYVGJ.js",
      "chunk-JG7V63GM.js"
    ],
    "chunk-OFE4TZQ3.js": [],
    "chunk-C6N6FPV4.js": [
      "chunk-O4EQDEIT.js",
      "chunk-6DBZS77G.js",
      "chunk-BLU3JEWT.js"
    ],
    "island-remotecontrols.js": [
      "chunk-U4X4EYFM.js",
      "chunk-IAJJP2ER.js",
      "chunk-XHOLGF4W.js",
      "chunk-K77XPCLS.js",
      "chunk-O4EQDEIT.js",
      "chunk-6DBZS77G.js",
      "chunk-244F7HGN.js",
      "chunk-BLU3JEWT.js",
      "chunk-V7IMYVGJ.js",
      "chunk-JG7V63GM.js"
    ],
    "chunk-U4X4EYFM.js": [
      "chunk-XHOLGF4W.js",
      "chunk-O4EQDEIT.js",
      "chunk-6DBZS77G.js",
      "chunk-BLU3JEWT.js",
      "chunk-V7IMYVGJ.js"
    ],
    "chunk-IAJJP2ER.js": [
      "chunk-XHOLGF4W.js",
      "chunk-6DBZS77G.js",
      "chunk-244F7HGN.js"
    ],
    "chunk-XHOLGF4W.js": [
      "chunk-K77XPCLS.js",
      "chunk-BLU3JEWT.js"
    ],
    "chunk-K77XPCLS.js": [
      "chunk-6DBZS77G.js"
    ],
    "chunk-O4EQDEIT.js": [
      "chunk-6DBZS77G.js",
      "chunk-244F7HGN.js",
      "chunk-BLU3JEWT.js"
    ],
    "chunk-6DBZS77G.js": [
      "chunk-V7IMYVGJ.js"
    ],
    "chunk-244F7HGN.js": [],
    "chunk-BLU3JEWT.js": [
      "chunk-V7IMYVGJ.js"
    ],
    "chunk-V7IMYVGJ.js": [],
    "chunk-JG7V63GM.js": [],
    "metafile.json": []
  }
}